1,109.08,Quality-focused upward-trending artificial intelligence
2,258.34,Mandatory encompassing moderator
3,106.77,Optional context-sensitive application
4,287.80,Team-oriented maximized ability
5,175.11,Function-based modular moratorium
6,144.08,Advanced human-resource architecture
7,104.88,Reverse-engineered systematic capability
8,150.84,Public-key user-facing success
9,415.25,Realigned multi-tasking analyzer
10,309.47,Down-sized attitude-oriented throughput
11,173.02,Adaptive radical strategy
12,310.54,Organic content-based policy
13,371.97,Fully-configurable regional attitude
14,417.94,Reverse-engineered optimal implementation
15,433.34,Vision-oriented system-worthy implementation
16,360.07,Multi-tiered interactive focus group
17,95.00,Cross-group intermediate intranet
18,496.55,Business-focused coherent customer loyalty
19,93.73,Re-contextualized neutral policy
20,332.28,Monitored web-enabled extranet
