1,Function-based methodical support
2,Multi-tiered asymmetric process improvement
3,Extended multimedia info-mediaries
4,Front-line multi-state array
5,Inverse solution-oriented collaboration
6,Digitized 24 hour pricing structure
7,Self-enabling mobile collaboration
8,Proactive analyzing contingency
9,Function-based multimedia success
10,User-friendly solution-oriented orchestration
11,Streamlined dynamic strategy
12,Distributed bifurcated process improvement
13,Reduced asymmetric knowledge user
14,Reverse-engineered object-oriented success
15,Function-based zero tolerance interface
16,Cloned global protocol
17,Future-proofed high-level collaboration
18,Profound 4th generation contingency
19,Versatile empowering local area network
20,Open-source disintermediate methodology
