31111111115,Vincenty O'Cosgra
41111111112,Dolorita Djakovic
41111111114,Viviene Dawidowicz
31111111113,Arabela Carlisle
31111111113,Aldric Whylie
41111111118,Patrica Emberton
31111111117,Vanessa Shotbolt
31111111113,Godfree Gilford
41111111114,Pippa Leverington
31111111115,Alexina Challener
41111111112,Job Lettsom
31111111113,Ax Ivantyev
31111111111,Derek Paolillo
31111111119,Muhammad Kelsey
31111111112,Tailor Lapsley
41111111114,Glenn Mafham
41111111118,Dode De Nisco
31111111117,Gillian Breede
41111111118,Weider Loveitt
41111111115,Byrann Di Francesco
