1,Alero,Stand-alone contextually-based support,21111111111123
2,Lancer,Profit-focused fault-tolerant migration,21111111111111
3,Corvette,Exclusive dynamic open architecture,21111111111120
4,Avalanche 2500,Cross-group system-worthy extranet,21111111111124
5,Torrent,Fundamental holistic migration,21111111111110
6,Azera,Implemented discrete pricing structure,21111111111128
7,Spyder,Mandatory impactful structure,21111111111115
8,Cruze,Re-contextualized fault-tolerant installation,21111111111112
9,6000,Upgradable optimizing capability,21111111111117
10,LaCrosse,Digitized modular access,21111111111122
11,RX,Digitized next generation local area network,21111111111122
12,FJ Cruiser,Function-based attitude-oriented process improvement,21111111111124
13,Mustang,Programmable methodical budgetary management,21111111111113
14,626,Cross-group incremental collaboration,21111111111128
15,Land Cruiser,Operative empowering circuit,21111111111129
16,4Runner,Centralized value-added functionalities,21111111111123
17,Grand Cherokee,Operative real-time customer loyalty,21111111111120
18,G,Advanced composite database,21111111111123
19,Town Car,De-engineered maximized complexity,21111111111111
20,Ion,Switchable holistic circuit,21111111111117
