1,Diverse dedicated application,17662454206489
2,Polarised user-facing structure,53756364264425
3,Realigned explicit solution,14773574116523
4,Innovative dynamic hardware,69247347855925
5,Diverse national infrastructure,61323446176391
6,Switchable reciprocal contingency,94532661604114
7,Synchronised executive approach,06545075543201
8,Triple-buffered exuding policy,32566743475997
9,Quality-focused tertiary orchestration,34437044102095
10,Public-key transitional projection,86849444412556
11,Object-based intermediate firmware,42827935056636
12,Managed non-volatile middleware,71176664640679
13,De-engineered non-volatile utilisation,48306988887737
14,Self-enabling solution-oriented success,42747699724230
15,Advanced full-range interface,75650003474981
16,Profound multi-state firmware,42335368028117
17,Exclusive actuating system engine,28469564094662
18,Customer-focused scalable protocol,44235212950404
19,Upgradable grid-enabled firmware,65388733022818
20,Quality-focused 5th generation project,27149772897212
