1,Assimilated fresh-thinking installation
2,Multi-tiered didactic protocol
3,Customizable methodical toolset
4,Centralized neutral customer loyalty
5,Grass-roots 5th generation time-frame
6,Reverse-engineered multi-tasking architecture
7,Open-source zero defect open architecture
8,Managed tertiary extranet
9,Expanded intermediate orchestration
10,Multi-layered web-enabled website
11,Multi-tiered intangible access
12,Mandatory attitude-oriented forecast
13,Adaptive eco-centric paradigm
14,Virtual interactive matrix
15,Ameliorated neutral strategy
16,Devolved methodical archive
17,Automated dynamic alliance
18,Multi-layered mission-critical synergy
19,Monitored optimal website
20,Diverse secondary knowledge base
