31111111111122,Dynabox,9190 Lien Court
31111111111127,Minyx,66 6th Place
31111111111118,Topiczoom,18 Susan Parkway
31111111111122,Divape,466 Maple Wood Circle
311111111111117,Mita,1106 Grasskamp Terrace
31111111111116,Aibox,7 Dryden Lane
31111111111121,Janyx,0396 Harbort Junction
31111111111116,Plajo,7 Pine View Plaza
31111111111120,Yotz,008 Prairieview Alley
31111111111121,Aimbo,15 Garrison Crossing
31111111111114,Wordtune,78253 Barby Way
31111111111118,Youopia,28 Pine View Lane
31111111111125,Quaxo,1567 Sundown Circle
31111111111127,Npath,90645 Continental Avenue
31111111111127,Yata,09 Lighthouse Bay Avenue
31111111111126,Skipfire,03 Talisman Lane
31111111111113,Yozio,040 Pine View Hill
31111111111119,Feedfire,7091 Namekagon Center
31111111111116,Yombu,6215 Harper Court
31111111111118,Topicblab,0368 Spaight Court
