11111111111129,Harris-Gutmann,7019 Ridgeview Place,69737230883
11111111111113,"Kohler, Emmerich and Borer",740 Division Road,80712925762
11111111111125,Schinner-Hyatt,8 Gina Road,10080999816
11111111111111,Jacobson and Sons,2 Towne Plaza,75898334777
11111111111117,"Mosciski, Hand and Hirthe",74649 Hallows Parkway,15475644558
11111111111118,Lehner Inc,872 Eagle Crest Circle,88414536681
11111111111114,Turner Group,9 Eastwood Trail,40585955416
11111111111126,"Carter, Braun and Harris",79985 Lyons Way,25904547674
11111111111110,Kautzer LLC,2 Dwight Court,19843187615
11111111111125,Vandervort-Welch,2 Nancy Circle,82163547307
11111111111129,"Kemmer, Gorczany and Jakubowski",91751 Hanover Hill,55243627244
11111111111128,"Barrows, Rodriguez and Grimes",45 Quincy Drive,70556357921
11111111111111,Rowe-Kuphal,924 Bluestem Hill,79464880817
11111111111117,"Lynch, Armstrong and Schmeler",4 Kim Way,40394384665
11111111111129,Hintz Group,81 Eastlawn Plaza,53685654268
11111111111113,"Dicki, Hane and Parisian",45313 Alpine Park,04898990384
11111111111113,"Weber, Leuschke and Goyette",534 Springs Hill,41110819915
11111111111125,Bayer Group,0973 Dakota Road,24333676940
11111111111123,"Rogahn, Robel and Lueilwitz",09 Kensington Drive,50962181455
11111111111124,"Halvorson, Schuppe and Heidenreich",7812 Gerald Trail,79373854463
11111111111120,Lemke LLC,2 Luster Hill,12717025690
