1,nulla,et eros vestibulum,Optimized web-enabled hardware,Extended analyzing core,1
2,sapien arcu,convallis,Digitized system-worthy productivity,Stand-alone zero administration hub,2
3,rutrum,diam,Multi-lateral mobile superstructure,Total tertiary contingency,3
4,donec dapibus,integer ac,Grass-roots upward-trending customer loyalty,Cross-platform dynamic encoding,4
5,odio in hac,sed magna,Reactive 24/7 protocol,Multi-lateral high-level methodology,5
6,nunc purus phasellus,justo,Multi-tiered user-facing policy,Synergized holistic matrix,6
7,porttitor id consequat,proin,Advanced 3rd generation access,Public-key tangible encryption,7
8,donec,tempor convallis nulla,Centralized fresh-thinking workforce,Configurable national paradigm,8
9,mattis pulvinar,massa id,Persevering transitional data-warehouse,Self-enabling reciprocal application,9
10,sapien non,pede posuere,User-friendly modular throughput,Horizontal foreground approach,10
11,pede ac diam,posuere,Cloned uniform success,Cross-group dedicated collaboration,11
12,sit amet cursus,enim,User-centric foreground focus group,Expanded radical forecast,12
13,tincidunt eu felis,in faucibus orci,Progressive bottom-line process improvement,De-engineered zero administration definition,13
14,iaculis justo in,nulla facilisi,Reactive responsive website,Proactive regional hub,14
15,odio cras,odio odio elementum,De-engineered fresh-thinking info-mediaries,Multi-tiered systematic hierarchy,15
16,orci,a libero nam,Team-oriented incremental implementation,Quality-focused modular archive,16
17,platea dictumst,sagittis dui,Intuitive composite attitude,Configurable disintermediate complexity,17
18,in,iaculis,Stand-alone cohesive process improvement,Proactive next generation frame,18
19,adipiscing,magna vulputate,Mandatory encompassing projection,Proactive motivating function,19
20,proin leo odio,non quam,Object-based asynchronous hierarchy,Programmable modular migration,20
