1,Organic holistic forecast
2,Grass-roots bandwidth-monitored matrices
3,Secured analyzing middleware
4,Cross-group grid-enabled framework
5,Cloned clear-thinking neural-net
6,Streamlined bifurcated neural-net
7,Reduced high-level adapter
8,Vision-oriented analyzing challenge
9,Progressive clear-thinking structure
10,Realigned bottom-line extranet
11,Digitized didactic Graphical User Interface
12,Seamless multi-tasking success
13,Compatible systematic flexibility
14,Realigned leading edge projection
15,Distributed background interface
16,Persevering motivating standardization
17,Front-line optimal open system
18,Exclusive bi-directional success
19,Cross-group multimedia capacity
20,Horizontal didactic open architecture
